{"schemaVersion":"1.0","appDefinitionTemplate":{"id":"/providers/Microsoft.PowerApps/apps/","type":"Microsoft.PowerApps/apps","tags":{"primaryDeviceWidth":"1366","primaryDeviceHeight":"768","supportsPortrait":"true","supportsLandscape":"true","primaryFormFactor":"Tablet","publisherVersion":"3.22052.27","minimumRequiredApiVersion":"2.2.0","hasComponent":"false","hasUnlockedComponent":"false","isUnifiedRootApp":"false","sienaVersion":"20220606T034236Z-3.22052.27.0"},"properties":{"appVersion":"2022-06-06T03:42:36Z","lifeCycleId":"Published","createdByClientVersion":{"major":3,"minor":22052,"build":27,"revision":0,"majorRevision":0,"minorRevision":0},"minClientVersion":{"major":3,"minor":22052,"build":27,"revision":0,"majorRevision":0,"minorRevision":0},"backgroundColor":"RGBA(0,176,240,1)","backgroundImageUri":"/978280037473193563/Ne1df96d8-4ff4-4bcd-83f3-f05f11c6abf1-logoSmallFile","displayName":"P2- Bagel Shop","description":"","commitMessage":"","appUris":{"documentUri":{"value":"/978280037473193563/N2012d33b-a2dc-4101-9494-181ed35402b7-document.msapp"},"imageUris":[]},"createdTime":"0001-01-01T00:00:00Z","lastModifiedTime":"0001-01-01T00:00:00Z","sharedGroupsCount":0,"sharedUsersCount":0,"icons":{"smallIconUri":"/978280037473193563/Nc245bf6f-a891-41cb-8f2f-ecd313bafccb-small.png","mediumIconUri":"/978280037473193563/N3cdb2e0a-3af6-4161-aafd-8c103533d2a4-medium.png","largeIconUri":"/978280037473193563/N79e75d12-1b3b-45d1-bb62-270eb34c5e0d-large.png","wideIconUri":"/978280037473193563/N04ae339d-8690-4f9e-8a70-7aac939c2497-wide.png"},"connectionReferences":{"442f4684-39f0-4fe2-8c4a-c03cb2954aea":{"id":"7c55cf6c-1eb4-4df3-9e18-b292cd6292d2","displayName":"SharePoint","iconUri":"https://connectoricons-prod.azureedge.net/releases/v1.0.1578/1.0.1578.2813/sharepointonline/icon.png","dataSources":["Customers","Inventory","Products","Orders","Stores"],"dependencies":[],"dependents":[],"parameterHints":{},"parameterHintsV2":{},"isOnPremiseConnection":false,"dataSets":{"https://revature266.sharepoint.com/sites/P2-BagelShop":{"dataSources":{"Customers":{"tableName":"4ffa8514-764b-4552-a3a1-f13b3cc8ad93"},"Inventory":{"tableName":"24bac40c-0312-459f-a399-4c58dc25ffc5"},"Products":{"tableName":"1b643656-b654-462b-8bb1-2fe94d58fcd7"},"Orders":{"tableName":"5e759734-c9e7-4971-a19e-a2db7026df4b"},"Stores":{"tableName":"a6394b2f-e258-4daf-8301-a2708b3ff605"}}}},"apiTier":"Standard","isCustomApiConnection":false,"actions":["providers/PowerPlatform.Governance/Operations/Read"]}},"databaseReferences":{},"almMode":"Environment","performanceOptimizationEnabled":true,"canConsumeAppPass":true,"executionRestrictions":{"isTeamsOnly":false,"dataLossPreventionEvaluationResult":{"status":"Compliant","lastEvaluationDate":"2022-06-06T03:42:52.0309569Z","violations":[],"violationsByPolicy":[],"violationErrorMessage":"The app uses the following connectors: shared_sharepointonline."}}},"appType":"ClassicCanvasApp","appComponents":[]}}